ratio_absorb,PSII_content_per_leaf,PSII_antenna_size,Phi2,Phi2*PSII_antanna_size*100
0.9,7,0.366666667,0.163335177,5.988956475
0.811111111,3.92,0.9,0.065155951,5.864035546
0.277777778,7,0.811111111,0.080329823,6.51564123
0.544444444,3.92,0.366666667,0.16263491,5.963280026
0.633333333,5.46,0.277777778,0.216193165,6.005365683
0.9,5.46,0.188888889,0.309890768,5.853492275
0.1,1.61,0.722222222,0.087198142,6.297643592
0.277777778,2.38,0.188888889,0.315484851,5.959158303
0.366666667,0.07,0.633333333,0.078256272,4.956230555
0.722222222,0.07,0.633333333,0.068070093,4.311105871
0.455555556,7,0.633333333,0.099048491,6.273071076
0.544444444,3.92,0.811111111,0.073836431,5.988954979
0.722222222,6.23,0.455555556,0.132471414,6.034808872
0.277777778,2.38,0.9,0.067241202,6.051708208
0.544444444,5.46,0.811111111,0.075296353,6.107370823
0.1,3.92,0.544444444,0.123883928,6.744791609
0.9,0.07,0.633333333,0.062493061,3.957893841
0.188888889,5.46,0.544444444,0.120704383,6.57168306
0.1,0.84,0.455555556,0.132267074,6.025500041
0.1,5.46,0.722222222,0.096557682,6.973610353
0.1,2.38,0.188888889,0.336115934,6.348856528
0.455555556,6.23,0.188888889,0.324087406,6.121651006
0.366666667,0.84,0.1,0.547362687,5.473626872
0.366666667,0.84,0.188888889,0.296749849,5.605274924
0.811111111,6.23,0.366666667,0.163222438,5.984822722
0.722222222,6.23,0.811111111,0.074611869,6.051851616
0.1,3.15,0.544444444,0.121568507,6.618729805
0.188888889,0.07,0.366666667,0.142325366,5.218596765
0.722222222,4.69,0.1,0.56797319,5.679731904
0.1,0.07,0.188888889,0.283340279,5.351983045
0.811111111,1.61,0.366666667,0.153008539,5.61031311
0.722222222,0.84,0.1,0.535342196,5.353421958
0.633333333,0.84,0.455555556,0.12128449,5.5251823
0.722222222,7,0.1,0.577193651,5.771936507
0.455555556,0.07,0.811111111,0.05934705,4.813705205
0.722222222,2.38,0.633333333,0.090790032,5.750035384
0.9,3.92,0.722222222,0.08071933,5.829729361
0.366666667,4.69,0.633333333,0.097834041,6.196155905
0.9,0.84,0.811111111,0.067276303,5.456855662
0.277777778,4.69,0.722222222,0.087490802,6.318780111
0.277777778,2.38,0.1,0.574262707,5.742627074
0.9,7,0.633333333,0.094889994,6.009699629
0.633333333,2.38,0.544444444,0.106203869,5.782210639
0.633333333,7,0.811111111,0.075754622,6.144541558
0.277777778,3.92,0.188888889,0.324713248,6.133472456
0.722222222,6.23,0.366666667,0.164302469,6.024423856
0.811111111,0.84,0.9,0.060894271,5.480484421
0.188888889,3.15,0.188888889,0.328145287,6.198299867
0.366666667,0.84,0.633333333,0.089330487,5.657597508
0.544444444,6.23,0.722222222,0.085226656,6.155258482
0.366666667,2.38,0.188888889,0.310940621,5.873322849
0.277777778,7,0.544444444,0.119381468,6.499657722
0.277777778,4.69,0.277777778,0.225415026,6.261528506
0.455555556,2.38,0.277777778,0.21050861,5.84746139
0.811111111,4.69,0.277777778,0.211589884,5.877496785
0.544444444,6.23,0.277777778,0.219829869,6.106385256
0.277777778,5.46,0.277777778,0.227805209,6.327922472
0.277777778,5.46,0.1,0.595738229,5.957382293
0.9,6.23,0.722222222,0.082708782,5.973412044
0.366666667,0.84,0.9,0.06291833,5.662649697
0.544444444,4.69,0.9,0.067260599,6.053453884
0.633333333,3.15,0.366666667,0.159505659,5.848540834
0.188888889,3.15,0.277777778,0.225227575,6.25632154
0.277777778,0.07,0.277777778,0.182685524,5.074597883
0.455555556,0.84,0.366666667,0.152545172,5.593322975
0.188888889,7,0.633333333,0.106104288,6.719938225
0.277777778,4.69,0.455555556,0.13828986,6.299871386
0.544444444,2.38,0.188888889,0.305085294,5.762722215
0.277777778,3.92,0.277777778,0.222750667,6.187518522
0.544444444,5.46,0.633333333,0.096334974,6.101215034
0.722222222,2.38,0.811111111,0.070944808,5.754412169
0.277777778,7,0.9,0.072432749,6.51894745
0.722222222,3.15,0.1,0.559600618,5.596006183
0.277777778,3.15,0.722222222,0.085177952,6.151740949
0.9,1.61,0.633333333,0.08840343,5.598883897
0.455555556,0.84,0.277777778,0.200970123,5.58250341
0.366666667,6.23,0.9,0.070306982,6.327628419
0.722222222,7,0.633333333,0.096132669,6.0884024
0.633333333,0.07,0.188888889,0.234821375,4.435514867
0.633333333,3.92,0.455555556,0.130038956,5.923996906
0.277777778,4.69,0.188888889,0.328407248,6.203248023
0.455555556,3.92,0.633333333,0.095450689,6.045210275
0.366666667,6.23,0.633333333,0.09974812,6.317380959
0.9,6.23,0.277777778,0.213593332,5.933148124
0.9,0.07,0.9,0.044037875,3.963408719
0.633333333,7,0.366666667,0.166752611,6.114262411
0.277777778,2.38,0.633333333,0.095425488,6.043614257
0.544444444,0.07,0.188888889,0.243789454,4.604911905
0.455555556,7,0.722222222,0.086913913,6.277115909
0.811111111,5.46,0.455555556,0.130631152,5.950974702
0.455555556,3.92,0.277777778,0.216170763,6.004743408
0.455555556,7,0.455555556,0.137391209,6.258932851
0.9,1.61,0.366666667,0.15235642,5.586402051
0.277777778,5.46,0.9,0.071057271,6.395154396
0.633333333,2.38,0.811111111,0.071383047,5.789958221
0.455555556,6.23,0.544444444,0.114211324,6.218172089
0.544444444,4.69,0.811111111,0.074605891,6.051366699
0.188888889,0.07,0.811111111,0.064490633,5.230906866
0.366666667,4.69,0.722222222,0.085844158,6.199855823
0.633333333,3.15,0.455555556,0.128569652,5.857061902
0.722222222,6.23,0.544444444,0.110965935,6.041478669
0.811111111,5.46,0.366666667,0.162038293,5.941404062
0.1,4.69,0.544444444,0.125930339,6.856207323
0.9,0.07,0.277777778,0.141580671,3.93279642
0.366666667,0.84,0.722222222,0.07836477,5.659677809
0.633333333,2.38,0.633333333,0.09135158,5.78560008
0.633333333,4.69,0.633333333,0.094626614,5.993018882
0.722222222,6.23,0.9,0.067268472,6.054162468
0.9,3.92,0.811111111,0.071898358,5.831755744
0.277777778,0.84,0.455555556,0.125554893,5.719722912
0.1,7,0.722222222,0.099032884,7.15237497
0.544444444,6.23,0.366666667,0.167112829,6.127470381
0.455555556,4.69,0.633333333,0.096488696,6.110950735
0.544444444,1.61,0.366666667,0.155643092,5.70691339
0.277777778,3.92,0.544444444,0.114448199,6.231068588
0.366666667,6.23,0.544444444,0.115923414,6.311385878
0.544444444,3.15,0.544444444,0.108523724,5.908513885
0.366666667,6.23,0.277777778,0.225513344,6.264259559
0.455555556,6.23,0.9,0.069255615,6.233005365
0.544444444,0.84,0.366666667,0.151447594,5.553078445
0.722222222,6.23,0.1,0.574421517,5.744215171
0.9,0.07,0.455555556,0.086717713,3.950473598
0.188888889,1.61,0.277777778,0.216055139,6.001531639
0.9,3.15,0.633333333,0.091043782,5.766106222
0.1,4.69,0.1,0.622904382,6.229043825
0.811111111,3.15,0.455555556,0.127019072,5.786424393
0.366666667,5.46,0.277777778,0.223531999,6.209222197
0.277777778,6.23,0.366666667,0.174987676,6.416214795
0.9,2.38,0.9,0.063317492,5.698574242
0.633333333,0.07,0.811111111,0.05535216,4.489675232
0.455555556,7,0.544444444,0.115112384,6.267229815
0.633333333,2.38,0.1,0.556643668,5.566436678
0.544444444,7,0.633333333,0.097865885,6.198172741
0.722222222,0.84,0.366666667,0.149765615,5.491405885
0.722222222,3.92,0.366666667,0.160212526,5.874459272
0.633333333,1.61,0.455555556,0.124596884,5.676080275
0.366666667,0.84,0.277777778,0.20276886,5.632468332
0.1,0.07,0.811111111,0.066481183,5.392362617
0.544444444,1.61,0.9,0.063634707,5.727123623
0.811111111,5.46,0.633333333,0.094123522,5.961156368
0.188888889,0.07,0.188888889,0.274895498,5.192470523
0.633333333,0.84,0.544444444,0.101547578,5.528701487
0.544444444,1.61,0.1,0.552057974,5.520579739
0.277777778,3.15,0.9,0.068411244,6.157011938
0.277777778,5.46,0.811111111,0.078810563,6.39241232
0.455555556,1.61,0.455555556,0.126454088,5.76068621
0.366666667,6.23,0.455555556,0.138349961,6.302609356
0.366666667,7,0.544444444,0.116895025,6.36428467
0.1,3.92,0.455555556,0.147787699,6.732550744
0.1,2.38,0.455555556,0.141820349,6.46070478
0.277777778,5.46,0.188888889,0.331712833,6.265686853
0.1,2.38,0.1,0.601294238,6.012942379
0.455555556,0.07,0.366666667,0.13086061,4.798222378
0.722222222,3.92,0.722222222,0.081631844,5.89563321
0.9,5.46,0.544444444,0.108796932,5.923388504
0.9,7,0.1,0.57202121,5.720212096
0.455555556,3.92,0.722222222,0.08374895,6.048535255
0.366666667,4.69,0.277777778,0.221357463,6.148818422
0.811111111,4.69,0.1,0.565455746,5.654557463
0.455555556,6.23,0.366666667,0.169025685,6.197608449
0.544444444,6.23,0.1,0.581277748,5.812777482
0.9,6.23,0.633333333,0.094270424,5.9704602
0.633333333,6.23,0.811111111,0.075205684,6.100016631
0.811111111,4.69,0.455555556,0.129572476,5.902746113
0.9,1.61,0.722222222,0.077550413,5.600863185
0.366666667,5.46,0.811111111,0.07726176,6.266787201
0.366666667,1.61,0.1,0.559736064,5.597360638
0.9,3.15,0.277777778,0.206536647,5.737129095
0.366666667,3.92,0.188888889,0.319397974,6.033072851
0.455555556,0.84,0.811111111,0.06915619,5.609335427
0.9,3.15,0.544444444,0.105848283,5.762850969
0.722222222,7,0.544444444,0.111738055,6.083516312
0.188888889,3.15,0.544444444,0.115769382,6.302999707
0.811111111,1.61,0.633333333,0.088788478,5.623270304
0.455555556,7,0.277777778,0.223995944,6.222109549
0.722222222,3.92,0.188888889,0.308206909,5.821686063
0.277777778,3.15,0.1,0.581051095,5.810510953
0.633333333,3.15,0.811111111,0.072383287,5.871088848
0.811111111,6.23,0.633333333,0.094823152,6.005466298
0.188888889,3.15,0.455555556,0.138170066,6.294414122
0.722222222,4.69,0.722222222,0.082417524,5.952376755
0.9,7,0.9,0.06685918,6.017326203
0.455555556,4.69,0.722222222,0.084664242,6.11463969
0.366666667,0.84,0.544444444,0.103861619,5.654688122
0.9,6.23,0.9,0.066419744,5.977776935
0.9,1.61,0.277777778,0.200726704,5.575741772
0.722222222,0.84,0.722222222,0.076206138,5.503776612
0.455555556,3.92,0.811111111,0.074600591,6.050936814
0.722222222,5.46,0.366666667,0.163077229,5.979498393
0.277777778,0.07,0.455555556,0.111679003,5.087599038
0.811111111,2.38,0.455555556,0.12538751,5.712097664
0.811111111,2.38,0.277777778,0.204921545,5.692265139
0.455555556,2.38,0.544444444,0.107949079,5.877227629
0.1,0.07,0.544444444,0.098952639,5.387421481
0.722222222,4.69,0.9,0.066184223,5.956580085
0.633333333,5.46,0.9,0.067266142,6.053952821
0.722222222,1.61,0.277777778,0.202538519,5.626069976
0.277777778,0.84,0.544444444,0.105142079,5.724402076
0.633333333,3.92,0.366666667,0.161312841,5.914804173
0.188888889,3.92,0.1,0.597291863,5.972918633
0.633333333,6.23,0.722222222,0.084423971,6.097286828
0.544444444,0.07,0.1,0.449961956,4.499619563
0.366666667,2.38,0.277777778,0.212864119,5.912892203
0.9,5.46,0.9,0.06593994,5.934594593
0.811111111,0.84,0.722222222,0.075856091,5.478495487
0.633333333,1.61,0.1,0.549255707,5.492557072
0.811111111,0.84,0.455555556,0.120094378,5.47096613
0.544444444,0.84,0.633333333,0.087872083,5.565231926
0.544444444,0.84,0.811111111,0.068649104,5.568205141
0.9,3.15,0.1,0.555262529,5.552625295
0.188888889,0.84,0.366666667,0.15862529,5.81626065
0.633333333,0.84,0.277777778,0.198356057,5.509890465
0.1,2.38,0.722222222,0.08976086,6.482728753
0.811111111,7,0.455555556,0.132477042,6.035065259
0.811111111,7,0.544444444,0.110967927,6.04158713
0.9,7,0.277777778,0.214951581,5.97087724
0.188888889,3.92,0.811111111,0.079131636,6.418454886
0.188888889,3.92,0.455555556,0.140361076,6.394226815
0.1,3.15,0.1,0.609863666,6.09863666
0.544444444,6.23,0.544444444,0.112895694,6.14654335
0.811111111,0.07,0.544444444,0.075881194,4.131309425
0.544444444,7,0.277777778,0.221428388,6.150788563
0.9,4.69,0.455555556,0.128874374,5.870943696
0.277777778,4.69,0.633333333,0.099703385,6.314547708
0.455555556,0.07,0.633333333,0.075955007,4.810483785
0.277777778,7,0.455555556,0.1424527,6.489511902
0.633333333,0.07,0.455555556,0.098299842,4.478103897
0.544444444,1.61,0.277777778,0.204992123,5.694225626
0.1,0.84,0.811111111,0.074496095,6.042461012
0.455555556,1.61,0.544444444,0.105899213,5.7656238
0.544444444,1.61,0.722222222,0.079253369,5.72385445
0.366666667,0.07,0.811111111,0.061139224,4.959070427
0.633333333,1.61,0.277777778,0.203658172,5.657171453
0.722222222,7,0.455555556,0.133391208,6.076710577
0.1,4.69,0.277777778,0.24418418,6.78289388
0.1,5.46,0.9,0.077591241,6.983211723
0.633333333,6.23,0.1,0.57755147,5.775514704
0.188888889,7,0.366666667,0.182191457,6.680353427
0.722222222,3.92,0.1,0.56410994,5.641099398
0.188888889,6.23,0.188888889,0.344301241,6.503467893
0.544444444,2.38,0.544444444,0.106982388,5.824596669
0.455555556,6.23,0.455555556,0.136321637,6.210207909
0.277777778,0.07,0.1,0.496570827,4.965708268
0.366666667,4.69,0.455555556,0.135724296,6.182995703
0.9,7,0.188888889,0.313856969,5.928409418
0.455555556,4.69,0.277777778,0.218433809,6.067605816
0.366666667,3.92,0.633333333,0.096716116,6.125353989
0.1,0.07,0.277777778,0.193373054,5.371473726
0.455555556,5.46,0.811111111,0.076148587,6.176496532
0.633333333,7,0.544444444,0.11264917,6.133121474
0.277777778,3.92,0.366666667,0.169376734,6.210480251
0.633333333,4.69,0.722222222,0.083023687,5.996155178
0.1,6.23,0.544444444,0.129457438,7.048238287
0.9,4.69,0.9,0.065409594,5.8868635
0.1,5.46,0.544444444,0.127770285,6.956382173
0.722222222,6.23,0.633333333,0.095464179,6.046064676
0.633333333,3.92,0.811111111,0.07322402,5.93928165
0.455555556,4.69,0.544444444,0.112151326,6.106016626
0.9,1.61,0.1,0.542943443,5.429434434
0.1,2.38,0.811111111,0.079971262,6.486557895
0.9,3.15,0.455555556,0.126397707,5.758117774
0.722222222,1.61,0.544444444,0.103742336,5.648193843
0.455555556,2.38,0.633333333,0.092856891,5.880936431
0.188888889,3.15,0.1,0.591152067,5.911520671
0.811111111,0.84,0.811111111,0.067555754,5.479522247
0.633333333,0.07,0.277777778,0.160562466,4.460068486
0.722222222,3.15,0.544444444,0.106972954,5.82408304
0.455555556,5.46,0.188888889,0.321529146,6.073328313
0.366666667,3.15,0.277777778,0.216150235,6.004173187
0.455555556,0.84,0.633333333,0.088515096,5.605956082
0.722222222,0.84,0.188888889,0.289036892,5.459585739
0.544444444,3.92,0.722222222,0.082892217,5.986660081
0.1,3.92,0.1,0.616902692,6.169026924
0.188888889,4.69,0.277777778,0.231730306,6.436952952
0.722222222,4.69,0.544444444,0.109200206,5.945344558
0.811111111,3.92,0.633333333,0.092487802,5.857560814
0.811111111,4.69,0.722222222,0.081904531,5.915327214
0.544444444,1.61,0.455555556,0.125429792,5.714023878
0.455555556,3.15,0.366666667,0.162274913,5.950080147
0.188888889,5.46,0.277777778,0.234457557,6.512709916
0.9,3.92,0.633333333,0.092007838,5.827163085
0.366666667,2.38,0.1,0.567963271,5.67963271
0.366666667,3.92,0.277777778,0.218926575,6.08129374
0.811111111,3.92,0.722222222,0.081143453,5.86036053
0.722222222,4.69,0.633333333,0.093938261,5.949423227
0.1,2.38,0.9,0.072107961,6.489716513
0.811111111,3.92,0.277777778,0.209700667,5.825018532
0.811111111,5.46,0.544444444,0.109415115,5.957045152
0.188888889,3.92,0.633333333,0.101214572,6.41025621
0.277777778,1.61,0.277777778,0.211615579,5.878210535
0.633333333,3.15,0.188888889,0.30692441,5.797461083
0.277777778,0.84,0.1,0.552477707,5.52477707
0.722222222,3.15,0.633333333,0.092014692,5.827597143
0.9,4.69,0.1,0.56325439,5.6325439
0.722222222,0.07,0.1,0.415611674,4.156116743
0.188888889,4.69,0.722222222,0.090060391,6.504361594
0.9,7,0.811111111,0.074163098,6.015451277
0.9,6.23,0.455555556,0.130830611,5.960061151
0.455555556,7,0.188888889,0.326440696,6.16610204
0.1,0.84,0.1,0.573799966,5.737999657
0.188888889,0.07,0.544444444,0.095985239,5.225863019
0.1,4.69,0.811111111,0.084789569,6.877376142
0.455555556,5.46,0.9,0.068654286,6.178885745
0.366666667,7,0.9,0.070904357,6.381392129
0.455555556,2.38,0.455555556,0.12889103,5.871702497
0.277777778,3.92,0.811111111,0.076977608,6.243739311
0.811111111,1.61,0.722222222,0.077891036,5.625463727
0.811111111,6.23,0.455555556,0.13159218,5.99475485
0.366666667,0.07,0.455555556,0.108666313,4.950354278
0.811111111,0.84,0.188888889,0.287753096,5.435336258
0.9,2.38,0.811111111,0.070237111,5.697010144
0.9,1.61,0.455555556,0.122762217,5.592501019
0.544444444,1.61,0.633333333,0.090340785,5.721583074
0.1,1.61,0.1,0.590192663,5.901926627
0.9,0.07,0.544444444,0.072644241,3.955075335
0.366666667,6.23,0.1,0.591664616,5.916646156
0.455555556,1.61,0.1,0.555450417,5.554504169
0.277777778,6.23,0.544444444,0.11830785,6.441205168
0.1,5.46,0.188888889,0.358851829,6.778312328
0.1,3.15,0.9,0.073776075,6.639846725
0.188888889,5.46,0.9,0.073245247,6.592072228
0.544444444,0.07,0.633333333,0.073464251,4.652735921
0.9,1.61,0.9,0.062262524,5.603627137
0.188888889,0.84,0.633333333,0.09210206,5.833130448
0.277777778,7,0.366666667,0.176547023,6.473390858
0.1,5.46,0.633333333,0.109993721,6.966268967
0.1,3.15,0.811111111,0.081815872,6.636176262
0.544444444,0.07,0.366666667,0.126531726,4.639496606
0.277777778,4.69,0.366666667,0.171442065,6.286209063
0.811111111,0.07,0.811111111,0.051022276,4.138473491
0.811111111,4.69,0.366666667,0.160737035,5.89369129
0.722222222,3.15,0.811111111,0.071903286,5.83215543
0.1,4.69,0.455555556,0.150207458,6.842784183
0.722222222,7,0.811111111,0.075137736,6.094505277
0.1,3.92,0.277777778,0.240383959,6.677332194
0.455555556,3.15,0.1,0.569362306,5.693623064
0.188888889,1.61,0.455555556,0.132380624,6.030672864
0.633333333,3.92,0.1,0.566924044,5.669240439
0.455555556,0.07,0.9,0.053498521,4.814866925
0.722222222,3.92,0.277777778,0.210911451,5.858651409
0.9,3.92,0.277777778,0.208649007,5.79580574
0.455555556,5.46,0.722222222,0.085482044,6.173703173
0.188888889,0.84,0.811111111,0.071974904,5.83796443
0.1,0.84,0.277777778,0.21587765,5.996601376
0.188888889,3.92,0.722222222,0.088822252,6.414940434
0.366666667,2.38,0.722222222,0.082415602,5.952237949
0.188888889,1.61,0.722222222,0.083700522,6.045037673
0.1,3.15,0.633333333,0.104626866,6.626368158
0.277777778,2.38,0.544444444,0.110923532,6.039170085
0.544444444,2.38,0.811111111,0.07191244,5.832897875
0.277777778,3.15,0.188888889,0.320487956,6.05366139
0.544444444,7,0.1,0.58424055,5.842405497
0.366666667,3.92,0.811111111,0.075597731,6.131815966
0.9,3.92,0.9,0.064817013,5.833531152
0.811111111,3.15,0.811111111,0.071498835,5.799349971
0.722222222,7,0.277777778,0.217658656,6.046073767
0.366666667,1.61,0.544444444,0.107007324,5.825954325
0.811111111,7,0.9,0.067267945,6.054115013
0.811111111,0.07,0.9,0.0459968,4.139712017
0.366666667,3.92,0.1,0.579586095,5.795860946
0.366666667,4.69,0.366666667,0.168293921,6.170777103
0.1,0.84,0.722222222,0.083628942,6.039868047
0.188888889,6.23,0.633333333,0.10503557,6.652252744
0.455555556,0.07,0.277777778,0.172371242,4.78809006
0.366666667,2.38,0.811111111,0.073412089,5.95453608
0.277777778,0.07,0.633333333,0.080410807,5.092684439
0.9,4.69,0.366666667,0.159882507,5.862358594
0.366666667,3.15,0.544444444,0.110940397,6.040088278
0.366666667,0.84,0.366666667,0.153931974,5.644172363
0.277777778,3.15,0.277777778,0.219710062,6.103057287
0.9,0.84,0.366666667,0.148456226,5.443394957
0.188888889,5.46,0.1,0.607181517,6.071815173
0.188888889,6.23,0.722222222,0.092188598,6.658065422
0.9,2.38,0.455555556,0.124808828,5.685735483
0.188888889,2.38,0.366666667,0.168132383,6.164854027
0.366666667,0.07,0.188888889,0.260230227,4.915459835
0.722222222,2.38,0.188888889,0.301276528,5.690778858
0.633333333,5.46,0.1,0.57440722,5.744072198
0.366666667,0.84,0.811111111,0.06979747,5.661350352
0.1,5.46,0.811111111,0.086042121,6.978972025
0.544444444,1.61,0.188888889,0.299887731,5.664546021
0.366666667,3.15,0.633333333,0.095440633,6.044573438
0.188888889,7,0.811111111,0.082976964,6.730353708
0.811111111,4.69,0.544444444,0.108521322,5.908383073
0.544444444,3.15,0.811111111,0.072956429,5.917577007
0.9,0.84,0.544444444,0.100127786,5.451401679
0.544444444,6.23,0.811111111,0.075922857,6.158187319
0.455555556,3.15,0.722222222,0.082704688,5.973116331
0.1,1.61,0.188888889,0.327408331,6.184379581
0.722222222,1.61,0.455555556,0.12389316,5.644021745
0.722222222,0.84,0.811111111,0.067872795,5.505237782
0.277777778,3.92,0.1,0.586667367,5.866673669
0.277777778,3.15,0.366666667,0.167018357,6.124006429
0.544444444,5.46,0.188888889,0.318238591,6.011173381
0.1,2.38,0.544444444,0.118850938,6.470773268
0.1,6.23,0.188888889,0.363086615,6.858302722
0.188888889,3.92,0.9,0.071347112,6.42124006
0.366666667,2.38,0.366666667,0.161721243,5.929778917
0.811111111,2.38,0.722222222,0.079225554,5.721845566
0.455555556,5.46,0.455555556,0.135156865,6.157146082
0.633333333,5.46,0.188888889,0.31559,5.96114445
0.188888889,0.07,0.9,0.058129207,5.231628673
0.633333333,4.69,0.188888889,0.313050786,5.913181511
0.366666667,5.46,0.9,0.069658384,6.269254515
0.633333333,1.61,0.544444444,0.104329678,5.68017135
0.633333333,0.07,0.366666667,0.121955167,4.471689439
0.1,7,0.277777778,0.253610766,7.04474349
0.455555556,3.92,0.188888889,0.315557853,5.960537231
0.633333333,3.92,0.277777778,0.212336435,5.898234302
0.811111111,1.61,0.277777778,0.201572649,5.59924024
0.811111111,3.92,0.544444444,0.10752054,5.853896061
0.366666667,7,0.1,0.594911912,5.949119124
0.544444444,5.46,0.722222222,0.084525564,6.104624086
0.9,6.23,0.544444444,0.109581984,5.966130262
0.455555556,1.61,0.277777778,0.206629744,5.739715111
0.277777778,0.84,0.188888889,0.300173647,5.669946662
0.188888889,5.46,0.188888889,0.34088367,6.438913761
0.188888889,4.69,0.544444444,0.119242237,6.492077353
0.277777778,2.38,0.811111111,0.074583664,6.049563892
0.188888889,6.23,0.811111111,0.082140188,6.662481901
0.633333333,6.23,0.544444444,0.111841542,6.089150637
0.811111111,0.07,0.366666667,0.112357733,4.119783556
0.366666667,3.15,0.455555556,0.132440228,6.03338818
0.722222222,3.15,0.188888889,0.305053087,5.762113865
0.455555556,3.92,0.366666667,0.164278419,6.02354202
0.633333333,3.15,0.633333333,0.092624236,5.866201643
0.811111111,2.38,0.1,0.551912687,5.519126868
0.188888889,3.92,0.544444444,0.117618884,6.403694815
0.455555556,6.23,0.722222222,0.086229099,6.227657163
0.544444444,7,0.722222222,0.085875057,6.202087434
0.9,6.23,0.811111111,0.073674636,5.975831613
0.188888889,1.61,0.544444444,0.110888473,6.037261282
0.1,4.69,0.633333333,0.108399415,6.865296309
0.9,0.07,0.811111111,0.048847314,3.962059935
0.544444444,0.84,0.188888889,0.292179096,5.518938474
0.277777778,1.61,0.455555556,0.129586136,5.903368396
0.277777778,4.69,0.811111111,0.077945544,6.322249691
0.188888889,4.69,0.188888889,0.337128425,6.36798136
0.811111111,0.84,0.366666667,0.149069966,5.46589874
0.633333333,0.84,0.811111111,0.068234271,5.534557545
0.633333333,5.46,0.633333333,0.09546188,6.045919072
0.188888889,5.46,0.811111111,0.081229968,6.588652983
0.9,3.92,0.1,0.559573094,5.595730941
0.455555556,0.84,0.544444444,0.102920361,5.603441871
0.188888889,0.07,0.1,0.510551654,5.105516544
0.722222222,2.38,0.366666667,0.156402102,5.734743746
0.633333333,6.23,0.9,0.067802286,6.102205701
0.277777778,1.61,0.9,0.065776789,5.919911002
0.366666667,2.38,0.455555556,0.130371714,5.939155848
0.633333333,1.61,0.722222222,0.078722987,5.685549067
0.722222222,0.07,0.277777778,0.154279929,4.285553577
0.811111111,5.46,0.811111111,0.073560429,5.966568152
0.455555556,6.23,0.277777778,0.222300476,6.175013232
0.9,0.84,0.9,0.060642202,5.457798161
0.277777778,1.61,0.1,0.565506838,5.655068382
0.366666667,7,0.188888889,0.331065879,6.253466602
0.9,0.84,0.277777778,0.195637305,5.434369581
0.455555556,1.61,0.722222222,0.079910634,5.771323558
0.366666667,0.07,0.9,0.055118446,4.960660096
0.722222222,5.46,0.544444444,0.110125205,5.995705587
0.811111111,6.23,0.544444444,0.110225213,6.001150486
0.1,0.84,0.544444444,0.110794375,6.03213817
0.455555556,7,0.366666667,0.170341949,6.245871481
0.277777778,3.15,0.544444444,0.112830197,6.142977406
0.811111111,7,0.811111111,0.074615481,6.052144544
0.1,0.07,0.633333333,0.085098622,5.389579392
0.633333333,0.84,0.366666667,0.150540653,5.519823961
0.544444444,2.38,0.366666667,0.158494844,5.811477597
0.366666667,7,0.722222222,0.088273972,6.375342445
0.722222222,1.61,0.188888889,0.296424386,5.599127299
0.811111111,3.92,0.811111111,0.072276466,5.862424477
0.633333333,7,0.188888889,0.320010892,6.044650188
0.188888889,0.07,0.455555556,0.11465268,5.22306653
0.366666667,0.07,0.366666667,0.134874375,4.945393767
0.544444444,3.15,0.9,0.065772048,5.919484313
0.722222222,1.61,0.9,0.062843613,5.655925151
0.277777778,0.07,0.811111111,0.062824092,5.095731933
0.366666667,0.07,0.277777778,0.177704907,4.93624742
0.1,3.92,0.188888889,0.349009767,6.592406712
0.1,7,0.1,0.637020696,6.37020696
0.366666667,3.92,0.455555556,0.134189695,6.113086093
0.633333333,2.38,0.277777778,0.207208795,5.755799865
0.455555556,4.69,0.1,0.578659339,5.78659339
0.1,1.61,0.277777778,0.224692985,6.241471809
0.366666667,5.46,0.455555556,0.137098328,6.245590517
0.544444444,3.15,0.633333333,0.093355073,5.912487936
0.455555556,2.38,0.9,0.065416755,5.887507945
0.277777778,0.84,0.811111111,0.070662282,5.731496195
0.722222222,2.38,0.722222222,0.07964865,5.752402503
0.544444444,0.07,0.544444444,0.085404453,4.649797992
0.633333333,0.07,0.544444444,0.082331633,4.482500019
0.811111111,0.07,0.188888889,0.216235432,4.08444705
0.9,3.15,0.811111111,0.071142276,5.770429069
0.633333333,6.23,0.366666667,0.165577065,6.07115906
0.277777778,0.07,0.544444444,0.093502677,5.090701316
0.633333333,3.15,0.722222222,0.081262263,5.868941238
0.188888889,7,0.1,0.615065387,6.150653874
0.366666667,4.69,0.188888889,0.322776857,6.096896196
0.633333333,4.69,0.455555556,0.131320679,5.982386507
0.366666667,5.46,0.544444444,0.114865029,6.253762709
0.633333333,2.38,0.188888889,0.303011105,5.723543086
0.188888889,6.23,0.544444444,0.122038047,6.644293682
0.722222222,2.38,0.277777778,0.205976814,5.721578174
0.455555556,0.07,0.455555556,0.105446615,4.803679134
0.188888889,7,0.455555556,0.147061771,6.699480659
0.544444444,4.69,0.455555556,0.132461098,6.034338898
0.455555556,0.07,0.188888889,0.252300538,4.765676829
0.544444444,2.38,0.1,0.559646535,5.596465349
0.633333333,3.92,0.633333333,0.093694917,5.934011429
0.455555556,3.15,0.188888889,0.311941329,5.892225101
0.188888889,2.38,0.277777778,0.221147771,6.142993629
0.277777778,2.38,0.366666667,0.164237024,6.022024201
0.188888889,5.46,0.366666667,0.178469885,6.543895783
0.455555556,1.61,0.811111111,0.071175425,5.773117768
0.544444444,4.69,0.722222222,0.083754691,6.048949886
0.9,4.69,0.722222222,0.081456963,5.883002897
0.722222222,3.92,0.811111111,0.0727133,5.897856565
0.633333333,1.61,0.633333333,0.089736658,5.683321667
0.1,7,0.633333333,0.112803143,7.144199079
0.722222222,6.23,0.188888889,0.315599967,5.961332719
0.455555556,7,0.9,0.069809245,6.282832059
0.1,5.46,0.455555556,0.152389843,6.942203979
0.1,6.23,0.9,0.07863166,7.076849428
0.633333333,0.07,0.9,0.049890353,4.490131777
0.1,0.07,0.1,0.525843149,5.258431494
0.366666667,7,0.277777778,0.227338844,6.31496789
0.455555556,5.46,0.633333333,0.097420661,6.16997517
0.722222222,7,0.9,0.067739998,6.096599832
0.544444444,0.84,0.9,0.061882224,5.5694002
0.188888889,0.07,0.722222222,0.072410388,5.229639098
0.722222222,0.07,0.811111111,0.053205292,4.315540388
0.633333333,2.38,0.455555556,0.126819426,5.777329427
0.277777778,1.61,0.366666667,0.160758628,5.894483043
0.366666667,1.61,0.722222222,0.080755267,5.832324834
0.188888889,0.07,0.277777778,0.187584398,5.210677716
0.722222222,0.07,0.455555556,0.094479647,4.304072828
0.455555556,5.46,0.544444444,0.113227984,6.164634664
0.277777778,0.84,0.366666667,0.15579881,5.71262303
0.188888889,2.38,0.544444444,0.113594985,6.184615852
0.277777778,3.15,0.633333333,0.097074898,6.148076855
0.9,5.46,0.1,0.56648925,5.664892502
0.811111111,7,0.188888889,0.315607756,5.961479844
0.633333333,0.84,0.9,0.061503588,5.535322923
0.811111111,0.84,0.544444444,0.100547548,5.474255407
0.366666667,4.69,0.544444444,0.113707072,6.190718349
0.811111111,0.84,0.277777778,0.196441697,5.456713804
0.1,1.61,0.633333333,0.09936763,6.293283217
0.633333333,3.15,0.277777778,0.20999638,5.833232765
0.455555556,0.84,0.722222222,0.07764879,5.607968183
0.9,0.07,0.722222222,0.054837757,3.960504706
0.9,1.61,0.188888889,0.293858349,5.550657703
0.1,0.07,0.366666667,0.146724679,5.37990491
0.188888889,2.38,0.455555556,0.135591337,6.176938675
0.366666667,3.92,0.544444444,0.112415025,6.120373587
0.811111111,5.46,0.722222222,0.08258149,5.964218714
0.722222222,4.69,0.811111111,0.073413824,5.954676821
0.811111111,2.38,0.633333333,0.090309061,5.71957389
0.544444444,4.69,0.188888889,0.315576797,5.960895045
0.811111111,7,0.277777778,0.216206626,6.005739603
0.277777778,1.61,0.544444444,0.108534321,5.909090809
0.811111111,1.61,0.1,0.544789961,5.447899611
0.366666667,4.69,0.9,0.068947791,6.205301147
0.633333333,6.23,0.188888889,0.317894125,6.004666798
0.366666667,2.38,0.9,0.066182673,5.956440587
0.455555556,0.84,0.9,0.062340057,5.610605087
0.811111111,1.61,0.9,0.062531934,5.62787408
0.9,3.92,0.188888889,0.305035265,5.761777225
0.455555556,3.92,0.455555556,0.132452238,6.033935276
0.1,4.69,0.366666667,0.186042789,6.821568915
0.722222222,3.92,0.9,0.065548233,5.899340943
0.366666667,4.69,0.1,0.584107479,5.841074785
0.277777778,2.38,0.722222222,0.083726237,6.046894866
0.188888889,0.84,0.277777778,0.208856743,5.801576201
0.633333333,3.15,0.1,0.562284138,5.622841379
0.544444444,2.38,0.277777778,0.208687438,5.796873285
0.188888889,1.61,0.633333333,0.095396166,6.041757184
0.277777778,3.92,0.9,0.069403399,6.246305944
0.722222222,3.15,0.277777778,0.2086636,5.796211101
0.722222222,4.69,0.188888889,0.310947143,5.87344603
0.188888889,2.38,0.722222222,0.085758889,6.193697555
0.1,0.07,0.722222222,0.074648563,5.391285089
0.544444444,0.07,0.277777778,0.16663503,4.628750843
0.811111111,2.38,0.188888889,0.299790034,5.66270064
0.722222222,4.69,0.277777778,0.212869364,5.913037895
0.811111111,3.92,0.188888889,0.306508857,5.789611749
0.455555556,0.07,0.722222222,0.066625375,4.811832629
0.633333333,7,0.277777778,0.219366742,6.093520618
0.366666667,3.92,0.366666667,0.166412462,6.101790291
0.188888889,3.92,0.366666667,0.173984556,6.379433713
0.544444444,4.69,0.633333333,0.095454683,6.045463268
0.544444444,3.15,0.277777778,0.211597346,5.877704042
0.366666667,3.15,0.366666667,0.164262765,6.022968048
0.811111111,6.23,0.722222222,0.083195749,6.008581907
0.9,7,0.722222222,0.083256533,6.012971836
0.811111111,1.61,0.544444444,0.103235258,5.620586262
0.1,3.92,0.633333333,0.106631395,6.753321708
0.455555556,0.07,0.1,0.46642733,4.664273299
0.544444444,5.46,0.277777778,0.218094388,6.05817745
0.455555556,5.46,0.366666667,0.16759921,6.145304354
0.455555556,4.69,0.811111111,0.07542039,6.117431604
0.633333333,3.92,0.188888889,0.310199787,5.859329304
0.633333333,4.69,0.9,0.06667143,6.000428713
0.544444444,0.07,0.455555556,0.101980282,4.645768416
0.9,0.07,0.1,0.381578603,3.815786035
0.633333333,3.15,0.9,0.065251404,5.872626373
0.9,2.38,0.188888889,0.298493381,5.6382083
0.366666667,0.07,0.1,0.481992816,4.819928162
0.633333333,5.46,0.455555556,0.132466857,6.034601241
0.633333333,4.69,0.544444444,0.109997994,5.988779664
0.544444444,5.46,0.1,0.578019655,5.780196553
0.188888889,4.69,0.366666667,0.176346319,6.466031693
0.366666667,2.38,0.633333333,0.093936878,5.949335592
0.1,3.92,0.9,0.075203511,6.768315999
0.811111111,1.61,0.188888889,0.29505785,5.573314945
0.9,2.38,0.366666667,0.154879727,5.678923341
0.455555556,7,0.1,0.588932081,5.889320811
0.722222222,6.23,0.722222222,0.083760863,6.049395649
0.455555556,3.15,0.9,0.066414465,5.977301862
0.722222222,0.07,0.366666667,0.117199748,4.297324078
0.455555556,2.38,0.722222222,0.081468092,5.883806623
0.544444444,4.69,0.366666667,0.164288614,6.02391584
0.722222222,1.61,0.1,0.54686951,5.468695103
0.811111111,7,0.1,0.574432099,5.744320988
0.277777778,0.84,0.9,0.063699094,5.73291846
0.633333333,5.46,0.811111111,0.074608952,6.051615034
0.544444444,6.23,0.633333333,0.09712923,6.151517915
0.277777778,6.23,0.277777778,0.229982194,6.388394278
0.366666667,3.15,0.811111111,0.074596983,6.050644161
0.633333333,6.23,0.633333333,0.096218533,6.093840455
0.1,0.07,0.455555556,0.118199333,5.384636303
0.9,7,0.544444444,0.110302814,6.005375423
0.455555556,4.69,0.366666667,0.166031791,6.087832341
0.722222222,5.46,0.633333333,0.094739275,6.000154101
0.633333333,6.23,0.277777778,0.217846407,6.051289086
0.811111111,5.46,0.9,0.066314946,5.968345107
0.544444444,0.84,0.722222222,0.077081606,5.567004881
0.544444444,5.46,0.366666667,0.16576698,6.078122614
0.722222222,7,0.366666667,0.165431128,6.065808016
0.811111111,7,0.366666667,0.164305894,6.024549442
0.544444444,2.38,0.455555556,0.127746651,5.819569642
0.9,0.07,0.366666667,0.107555508,3.94370196
0.277777778,5.46,0.633333333,0.100804797,6.384303794
0.277777778,6.23,0.455555556,0.141180078,6.431536887
0.455555556,5.46,0.1,0.582445373,5.824453735
0.455555556,1.61,0.633333333,0.09108634,5.76880153
0.277777778,6.23,0.188888889,0.334719455,6.322478593
0.188888889,1.61,0.1,0.574140726,5.741407261
0.544444444,7,0.366666667,0.168350085,6.17283645
0.9,6.23,0.188888889,0.311959696,5.892572031
0.1,0.84,0.366666667,0.16405053,6.015186101
0.633333333,3.92,0.544444444,0.108914562,5.929792819
0.455555556,3.92,0.544444444,0.110950136,6.040618541
0.544444444,6.23,0.455555556,0.134760078,6.13907023
0.9,3.92,0.544444444,0.106965889,5.823698387
0.188888889,4.69,0.1,0.602555829,6.025558293
0.9,5.46,0.722222222,0.082112678,5.930360066
0.9,5.46,0.366666667,0.161141571,5.908524264
0.722222222,0.84,0.544444444,0.101016582,5.499791709
0.722222222,3.15,0.455555556,0.127731189,5.818865262
0.188888889,7,0.544444444,0.123270847,6.711412778
0.188888889,7,0.188888889,0.347447926,6.562905265
0.633333333,1.61,0.811111111,0.07011349,5.686983118
0.544444444,2.38,0.633333333,0.092025132,5.828258391
0.811111111,6.23,0.1,0.571734259,5.717342587
0.188888889,4.69,0.455555556,0.142289281,6.482067253
0.188888889,0.07,0.633333333,0.082547385,5.228001024
0.1,0.84,0.633333333,0.09531562,6.036655923
0.544444444,5.46,0.544444444,0.111973392,6.096329127
0.9,1.61,0.544444444,0.102788999,5.596289964
0.722222222,0.84,0.277777778,0.197339736,5.481659344
0.544444444,3.15,0.1,0.565468634,5.654686335
0.366666667,1.61,0.9,0.064843314,5.835898265
0.455555556,6.23,0.1,0.585842974,5.858429737
0.455555556,7,0.811111111,0.07743191,6.280588229
0.9,4.69,0.811111111,0.072558187,5.885275153
0.455555556,0.07,0.544444444,0.088296116,4.807232966
0.722222222,3.15,0.366666667,0.158475567,5.810770806
0.1,7,0.366666667,0.19340575,7.091544152
0.455555556,2.38,0.366666667,0.159903275,5.863120099
0.1,6.23,0.366666667,0.191149159,7.008802506
0.811111111,3.15,0.366666667,0.157598796,5.778622534
0.9,0.84,0.455555556,0.119595769,5.448251694
0.633333333,3.92,0.722222222,0.082202861,5.936873291
0.455555556,0.84,0.455555556,0.12291499,5.599460668
0.633333333,4.69,0.277777778,0.21437301,5.95480584
0.9,5.46,0.811111111,0.073143329,5.932736667
0.722222222,5.46,0.188888889,0.313387919,5.919549591
0.722222222,1.61,0.811111111,0.0697154,5.654693556
0.9,0.84,0.188888889,0.286600251,5.413560301
0.811111111,0.07,0.722222222,0.057279027,4.136818603
0.366666667,1.61,0.277777778,0.208729971,5.798054759
0.544444444,3.92,0.633333333,0.09447799,5.983606031
0.366666667,3.92,0.722222222,0.084864188,6.129080214
0.1,4.69,0.9,0.076457649,6.881188406
0.544444444,0.84,0.455555556,0.122032535,5.559259913
0.544444444,0.07,0.9,0.051746631,4.657196804
0.366666667,3.15,0.1,0.574325357,5.743253571
0.277777778,1.61,0.188888889,0.309194187,5.840334645
0.9,1.61,0.811111111,0.069070238,5.602363712
0.188888889,3.15,0.633333333,0.099616197,6.309025831
0.277777778,6.23,0.9,0.071771565,6.459440805
0.1,1.61,0.9,0.070039725,6.303575287
0.188888889,0.84,0.455555556,0.127855238,5.824516419
0.544444444,0.07,0.811111111,0.057411663,4.656723736
0.811111111,0.84,0.1,0.533259042,5.332590415
0.9,5.46,0.277777778,0.212114386,5.892066273
0.188888889,5.46,0.633333333,0.103882274,6.579210688
0.188888889,4.69,0.811111111,0.080236368,6.508060955
0.366666667,3.15,0.722222222,0.083738947,6.04781287
0.366666667,5.46,0.633333333,0.098832558,6.25939534
0.722222222,4.69,0.455555556,0.130374909,5.939301393
0.811111111,5.46,0.188888889,0.311514423,5.884161317
0.811111111,6.23,0.9,0.066813486,6.013213715
0.722222222,5.46,0.277777778,0.214616533,5.961570361
0.188888889,6.23,0.9,0.074065612,6.665905051
0.188888889,2.38,0.633333333,0.097734705,6.189864647
0.455555556,3.15,0.633333333,0.094264867,5.970108249
0.811111111,2.38,0.9,0.06361152,5.725036792
0.277777778,3.92,0.455555556,0.136605608,6.223144368
0.811111111,6.23,0.188888889,0.313649256,5.924485954
0.277777778,7,0.1,0.602999789,6.029997885
0.9,3.15,0.188888889,0.3020643,5.705658998
0.9,3.92,0.455555556,0.127722311,5.818460855
0.277777778,2.38,0.277777778,0.216117837,6.003273242
0.633333333,3.15,0.544444444,0.107677273,5.862429316
0.1,2.38,0.366666667,0.175774657,6.445070747
0.1,6.23,0.811111111,0.087192273,7.072262142
0.1,3.15,0.455555556,0.145041489,6.607445617
0.366666667,3.15,0.188888889,0.31553133,5.960036238
0.1,4.69,0.188888889,0.354198729,6.690420443
0.9,3.92,0.366666667,0.158465286,5.810393811
0.188888889,7,0.9,0.07482264,6.734037616
0.455555556,1.61,0.9,0.064162119,5.774590729
0.722222222,3.15,0.722222222,0.080727601,5.830326729
0.366666667,7,0.455555556,0.139505961,6.355271554
0.722222222,2.38,0.1,0.554106744,5.541067444
0.277777778,7,0.722222222,0.090163413,6.511802043
0.1,5.46,0.366666667,0.188710321,6.91937842
0.366666667,7,0.366666667,0.172935079,6.340952909
0.544444444,3.15,0.722222222,0.08190532,5.915384242
0.544444444,5.46,0.9,0.067882648,6.109438275
0.544444444,3.15,0.188888889,0.309165949,5.839801258
0.811111111,3.92,0.455555556,0.128382515,5.848536793
0.811111111,2.38,0.366666667,0.155591518,5.705022322
0.811111111,3.15,0.1,0.557289136,5.572891359
0.633333333,4.69,0.366666667,0.162889452,5.972613243
0.277777778,0.84,0.722222222,0.079333734,5.729658532
0.544444444,2.38,0.9,0.06482805,5.834524534
0.811111111,1.61,0.811111111,0.069372683,5.626895419
0.633333333,1.61,0.366666667,0.154617414,5.669305181
0.633333333,4.69,0.811111111,0.073954313,5.998516487
0.811111111,1.61,0.455555556,0.123290823,5.616581949
0.455555556,1.61,0.188888889,0.302193266,5.708095029
0.633333333,7,0.455555556,0.134468263,6.125776403
0.188888889,2.38,0.811111111,0.076397911,6.19671943
0.277777778,0.84,0.277777778,0.205193115,5.699808749
0.633333333,0.84,0.633333333,0.087336364,5.53130306
0.811111111,3.15,0.277777778,0.20752604,5.764612232
0.811111111,2.38,0.811111111,0.070566877,5.723757805
0.811111111,4.69,0.633333333,0.093351402,5.912255453
0.722222222,1.61,0.722222222,0.078272869,5.653040573
0.9,4.69,0.544444444,0.10793385,5.876398519
0.722222222,0.07,0.188888889,0.225566384,4.26069836
0.722222222,1.61,0.633333333,0.089226839,5.651033123
0.9,0.84,0.722222222,0.075535628,5.455350931
0.722222222,0.84,0.633333333,0.086874362,5.502042899
0.277777778,2.38,0.455555556,0.132421132,6.032518233
0.1,4.69,0.722222222,0.095152726,6.872141319
0.1,1.61,0.455555556,0.137832832,6.279051232
0.366666667,6.23,0.188888889,0.328542224,6.205797565
0.277777778,0.84,0.633333333,0.090432214,5.727373571
0.722222222,2.38,0.544444444,0.105553004,5.74677464
0.188888889,1.61,0.9,0.067218935,6.049704167
0.366666667,3.15,0.9,0.067250751,6.052567617
0.188888889,0.84,0.188888889,0.30532528,5.767255296
0.188888889,4.69,0.633333333,0.102617563,6.49911232
0.277777778,0.07,0.722222222,0.070534078,5.094127847
0.455555556,2.38,0.811111111,0.072567211,5.886007126
0.544444444,3.92,0.277777778,0.214045618,5.945711619
0.277777778,5.46,0.455555556,0.13980221,6.368767335
0.9,5.46,0.455555556,0.129900294,5.917680069
0.544444444,7,0.188888889,0.322876687,6.098781868
0.811111111,0.07,0.1,0.398411703,3.984117034
0.9,2.38,0.722222222,0.078858305,5.695322014
0.544444444,1.61,0.544444444,0.105034584,5.718549569
0.277777778,6.23,0.722222222,0.089347022,6.452840492
0.455555556,4.69,0.9,0.067995656,6.119609067
0.366666667,1.61,0.633333333,0.092046165,5.829590422
0.188888889,1.61,0.188888889,0.315395421,5.957469073
0.9,7,0.455555556,0.131686626,5.9990574
0.544444444,0.07,0.722222222,0.06444858,4.654619633
0.277777778,1.61,0.811111111,0.072962967,5.918107311
0.633333333,5.46,0.366666667,0.164295441,6.024166162
0.544444444,7,0.544444444,0.113746382,6.192858554
0.455555556,3.15,0.544444444,0.109575778,5.965792348
0.188888889,0.84,0.722222222,0.080805007,5.835917136
0.455555556,4.69,0.455555556,0.13387777,6.098876168
0.1,1.61,0.544444444,0.115484009,6.287462723
0.188888889,0.84,0.1,0.559993077,5.599930767
0.188888889,3.15,0.9,0.07021129,6.319016056
0.188888889,3.92,0.277777778,0.228690995,6.352527638
0.544444444,1.61,0.811111111,0.070589514,5.725593891
0.633333333,7,0.633333333,0.096916345,6.138035177
0.633333333,1.61,0.188888889,0.298008199,5.629043766
0.455555556,4.69,0.188888889,0.318711876,6.020113219
0.544444444,7,0.811111111,0.076499618,6.204969018
0.188888889,2.38,0.9,0.068881455,6.199330964
0.722222222,3.15,0.9,0.06481986,5.833787371
0.277777778,4.69,0.1,0.591491063,5.914910626
0.9,4.69,0.188888889,0.307605487,5.81032586
0.366666667,1.61,0.366666667,0.158527579,5.812677912
0.811111111,7,0.722222222,0.083762919,6.049544161
0.277777778,3.15,0.811111111,0.075879678,6.154685004
0.455555556,3.92,0.1,0.574363612,5.743636116
0.455555556,0.84,0.1,0.543479829,5.434798295
0.633333333,0.07,0.722222222,0.062137057,4.487676334
0.1,0.84,0.9,0.067161098,6.04449882
0.366666667,1.61,0.811111111,0.071929332,5.834268049
0.277777778,7,0.633333333,0.102738295,6.506758694
0.277777778,4.69,0.9,0.070274665,6.32471987
0.277777778,1.61,0.633333333,0.093363211,5.913003351
0.1,7,0.455555556,0.156228835,7.117091358
0.544444444,0.84,0.544444444,0.102168202,5.562490971
0.811111111,3.15,0.188888889,0.303455278,5.731933023
0.633333333,2.38,0.722222222,0.080144788,5.788234719
0.277777778,6.23,0.1,0.599544301,5.99544301
0.277777778,6.23,0.633333333,0.101808675,6.447882757
0.544444444,6.23,0.9,0.068449741,6.160476681
0.9,2.38,0.1,0.549981171,5.499811712
0.455555556,3.15,0.455555556,0.130823048,5.959716644
0.188888889,6.23,0.455555556,0.14559854,6.632822369
0.366666667,5.46,0.188888889,0.325796932,6.153942053
0.811111111,5.46,0.277777778,0.213275127,5.924309078
0.9,5.46,0.633333333,0.093591805,5.927480999
0.277777778,5.46,0.544444444,0.117147705,6.378041712
0.811111111,0.07,0.633333333,0.065276626,4.134186333
0.9,2.38,0.544444444,0.10451204,5.690099951
0.188888889,6.23,0.277777778,0.236948373,6.581899256
0.1,2.38,0.277777778,0.230996059,6.416557201
0.1,6.23,0.1,0.632815485,6.328154848
0.366666667,0.07,0.722222222,0.068646246,4.957784401
0.722222222,5.46,0.1,0.571372655,5.713726552
0.1,0.84,0.188888889,0.315148408,5.95280326
0.1,3.15,0.366666667,0.179720792,6.58976239
0.1,6.23,0.633333333,0.111453178,7.058701304
0.722222222,5.46,0.811111111,0.074044709,6.005848581
0.1,2.38,0.633333333,0.1022767,6.477524339
0.9,6.23,0.1,0.569387013,5.69387013
0.1,3.92,0.811111111,0.083396248,6.764362345
0.1,3.15,0.188888889,0.343105114,6.480874374
0.722222222,6.23,0.277777778,0.216200751,6.005576422
0.455555556,0.84,0.188888889,0.294204687,5.557199639
0.544444444,4.69,0.277777778,0.216185278,6.00514661
0.277777778,0.07,0.9,0.056625198,5.096267776
0.188888889,3.15,0.811111111,0.077875737,6.316587523
0.722222222,2.38,0.9,0.063951521,5.755636922
0.544444444,7,0.455555556,0.135771091,6.185127474
0.188888889,1.61,0.366666667,0.164189299,6.020274303
0.722222222,2.38,0.455555556,0.126046874,5.742135363
0.544444444,5.46,0.455555556,0.133665749,6.089217448
0.1,7,0.811111111,0.088254841,7.158448234
0.366666667,5.46,0.722222222,0.086726297,6.263565881
0.188888889,2.38,0.1,0.583721362,5.83721362
0.633333333,7,0.9,0.068299501,6.146955049
0.1,1.61,0.366666667,0.170881758,6.265664478
0.811111111,4.69,0.9,0.065770563,5.919350664
0.544444444,3.92,0.544444444,0.109824454,5.979331364
0.366666667,5.46,0.1,0.588091405,5.880914051
0.544444444,0.84,0.277777778,0.199541687,5.54282464
0.366666667,6.23,0.366666667,0.171518331,6.289005476
0.277777778,0.07,0.188888889,0.267640751,5.055436408
0.366666667,4.69,0.811111111,0.076474114,6.202900323
0.544444444,3.92,0.455555556,0.13111534,5.973032143
0.633333333,0.84,0.1,0.537670227,5.376702274
0.366666667,6.23,0.722222222,0.087531124,6.321692278
0.811111111,4.69,0.188888889,0.309158645,5.839663296
0.811111111,0.84,0.633333333,0.086473101,5.476629726
0.277777778,7,0.277777778,0.231990351,6.444176403
0.633333333,7,0.1,0.580411272,5.804112723
0.277777778,3.92,0.633333333,0.098473657,6.236664921
0.633333333,0.07,0.633333333,0.070827212,4.485723445
0.188888889,7,0.722222222,0.093128616,6.725955586
0.1,7,0.544444444,0.131018397,7.133223824
0.9,4.69,0.277777778,0.2104825,5.846736115
0.9,3.15,0.366666667,0.1568352,5.750623991
0.188888889,4.69,0.9,0.072347129,6.511241637
0.544444444,6.23,0.188888889,0.320655709,6.056830056
0.366666667,0.07,0.544444444,0.090989808,4.953889552
0.544444444,4.69,0.1,0.574389018,5.743890184
0.811111111,3.92,0.366666667,0.159276318,5.840131653
0.366666667,5.46,0.366666667,0.169980719,6.232626363
0.722222222,0.84,0.9,0.061179356,5.506142048
0.722222222,7,0.188888889,0.317630926,5.999695268
0.277777778,1.61,0.722222222,0.08191304,5.91594178
0.633333333,4.69,0.1,0.570903186,5.709031857
0.188888889,3.15,0.366666667,0.171295417,6.280831959
0.811111111,3.15,0.633333333,0.091495048,5.794686389
0.188888889,6.23,0.1,0.611317237,6.11317237
0.811111111,4.69,0.811111111,0.072956116,5.917551653
0.188888889,2.38,0.188888889,0.322486082,6.091403778
0.9,3.15,0.9,0.06413459,5.772113081
0.1,3.15,0.722222222,0.091828299,6.632043841
0.722222222,5.46,0.455555556,0.131474955,5.989414622
0.366666667,1.61,0.455555556,0.127773649,5.820799577
0.277777778,0.07,0.366666667,0.138622894,5.082839436
0.1,6.23,0.455555556,0.154384161,7.033056238
0.633333333,2.38,0.366666667,0.157353262,5.769619624
0.544444444,4.69,0.544444444,0.110956965,6.040990292
0.633333333,0.84,0.188888889,0.290489905,5.487031536
0.366666667,7,0.811111111,0.07864037,6.378607808
0.811111111,7,0.633333333,0.095466786,6.046229749
0.1,7,0.188888889,0.366990524,6.932043228
0.1,6.23,0.277777778,0.250724152,6.964559767
0.455555556,2.38,0.1,0.563308057,5.633080575
0.722222222,5.46,0.9,0.066750351,6.007531598
0.188888889,0.84,0.9,0.06488391,5.839551871
0.811111111,5.46,0.1,0.568765683,5.687656826
0.277777778,7,0.188888889,0.337486751,6.374749739
0.1,3.92,0.722222222,0.093596444,6.759743181
0.366666667,1.61,0.188888889,0.305147443,5.763896147
0.277777778,3.92,0.722222222,0.086410684,6.240771639
0.811111111,6.23,0.811111111,0.074109022,6.011065107
0.9,3.15,0.722222222,0.079874157,5.768689152
0.455555556,3.15,0.277777778,0.213579944,5.93277622
0.1,3.15,0.277777778,0.236068121,6.557447806
0.633333333,0.84,0.722222222,0.076609468,5.532906044
0.366666667,6.23,0.811111111,0.077978351,6.324910686
0.366666667,2.38,0.544444444,0.109197916,5.945219861
0.277777778,5.46,0.366666667,0.173296224,6.354194897
0.722222222,3.92,0.633333333,0.093042632,5.892700009
0.455555556,6.23,0.811111111,0.076814907,6.230542463
0.544444444,3.92,0.1,0.570268555,5.702685549
0.9,0.07,0.188888889,0.206988399,3.909780865
0.1,3.92,0.366666667,0.183080645,6.712956981
0.9,2.38,0.277777778,0.204001709,5.666714131
0.9,2.38,0.633333333,0.089890672,5.693075909
0.188888889,1.61,0.811111111,0.074560515,6.047686177
0.811111111,0.07,0.277777778,0.14790697,4.108526935
0.1,1.61,0.811111111,0.077681915,6.300866472
0.188888889,6.23,0.366666667,0.180406262,6.614896278
0.811111111,6.23,0.277777778,0.214802275,5.966729848
0.455555556,3.92,0.9,0.067258511,6.053265992
0.544444444,0.84,0.1,0.540334325,5.403343255
0.633333333,5.46,0.544444444,0.110962438,6.041288304
0.188888889,3.92,0.188888889,0.332935424,6.288780237
0.277777778,3.15,0.455555556,0.134684163,6.135611865
0.722222222,0.84,0.455555556,0.120653219,5.49642441
0.544444444,3.15,0.366666667,0.160742699,5.893898976
0.544444444,3.15,0.455555556,0.129576056,5.902909199
0.633333333,2.38,0.9,0.064349538,5.791458433
0.633333333,7,0.722222222,0.085040385,6.141805586
0.277777778,4.69,0.544444444,0.115870204,6.308488898
0.277777778,6.23,0.811111111,0.079603448,6.456724153
0.455555556,1.61,0.366666667,0.15690504,5.753184806
0.9,0.84,0.1,0.53135956,5.313595604
0.188888889,3.15,0.722222222,0.087415686,6.313355096
0.633333333,3.92,0.9,0.066009419,5.940847715
0.722222222,7,0.722222222,0.084350092,6.091951091
0.9,4.69,0.633333333,0.092846989,5.880309314
0.188888889,5.46,0.722222222,0.091169875,6.584490942
0.1,7,0.9,0.079592502,7.163325191
0.811111111,3.92,0.1,0.561690542,5.616905416
0.455555556,3.15,0.811111111,0.073671721,5.97559515
0.455555556,2.38,0.188888889,0.307642929,5.811033103
0.811111111,3.15,0.722222222,0.080267882,5.797124845
0.722222222,0.07,0.9,0.047961503,4.316535291
0.722222222,3.92,0.544444444,0.108160446,5.888735411
0.188888889,0.84,0.544444444,0.107075795,5.829682177
0.9,0.84,0.633333333,0.086110888,5.453689602
0.722222222,5.46,0.722222222,0.083120514,6.003148233
0.1,5.46,0.277777778,0.247603991,6.877888638
0.811111111,3.15,0.544444444,0.106372763,5.791405993
0.544444444,2.38,0.722222222,0.080737607,5.831049363
0.633333333,5.46,0.722222222,0.083758694,6.049238989
0.811111111,3.15,0.9,0.064454658,5.800919242
0.9,6.23,0.366666667,0.162287033,5.950524525
0.188888889,5.46,0.455555556,0.144020009,6.560911542
0.1,6.23,0.722222222,0.097843425,7.066469592
0.544444444,3.92,0.188888889,0.312592922,5.904532967
0.455555556,6.23,0.633333333,0.098265225,6.223464219
0.722222222,0.07,0.544444444,0.079133139,4.308359791
0.366666667,0.84,0.455555556,0.124039687,5.650696855
0.366666667,7,0.633333333,0.100587385,6.370534394
0.633333333,0.07,0.1,0.432905351,4.329053511
0.455555556,5.46,0.277777778,0.220459728,6.12388133
0.1,5.46,0.1,0.628149475,6.281494752
0.544444444,7,0.9,0.068972131,6.207491762
0.811111111,0.07,0.455555556,0.090592156,4.126975998
0.722222222,3.92,0.455555556,0.129145108,5.883277123
0.277777778,5.46,0.722222222,0.088462128,6.388931449
0.722222222,1.61,0.366666667,0.15375278,5.637601938
0.1,0.07,0.9,0.059926609,5.393394838
0.366666667,3.92,0.9,0.06815313,6.133781721
0.722222222,0.07,0.722222222,0.059727059,4.313620928
0.722222222,4.69,0.366666667,0.161724873,5.929912026
0.811111111,2.38,0.544444444,0.104999242,5.716625389
0.188888889,7,0.277777778,0.23924395,6.645665275
0.633333333,1.61,0.9,0.063205089,5.688458026
0.544444444,3.92,0.9,0.066566672,5.991000511
0.633333333,6.23,0.455555556,0.133508022,6.082032117
